Sequence Name,translation,product
P8-1_rep9_plasmid,,
P8-1_rep9_plasmid,,
P8-1_rep9_plasmid,,
P8-1_rep9_plasmid,,
P8-1_rep9_plasmid,,
P8-1_rep9_plasmid,,
P8-1_rep9_plasmid,,
P8-1_rep9_plasmid,,
P8-1_rep9_plasmid,,
P8-1_rep9_plasmid,MAKKSKDLIDIGSFVHCQSVMGQTIKGKVEVINQYTVIIFDGEFRHVVTKKQLKELGYSLPNKRKK,hypothetical protein
P8-1_rep9_plasmid,MAKNVVEKQRKLKKIKQSVQRIVFGKKNQTIVSFETRRLYLLVVVVFFIYLLCSWLVS,hypothetical protein
P8-1_rep9_plasmid,MARIISVANQKGGVSKTTTSINLGAALHFTFNKRVLVIDMDPQGNATDNFGFDIDGTNIPTIYEVLKDEASITEAILNYKGIEVIPADIALSSAEREFTQVGSEHRLKRVLQPIEENYDYIIIDCPPSLGILTVNAFTVSDEIIIPVEAAYFSLKGLVKLNETIETVKEYTNENLIIRGVLFTKYNERFNISKEMNKTANQISDALHVNIFDTYIRRTITVDEAQAAGSDLISFNKTSTAEDDYIQFTKEFLEKVGDLNE,Chromosome (plasmid) partitioning protein ParA
P8-1_rep9_plasmid,MAVEVEILTSNVEILAKQPPLELLPFSDFLEITQYMEKGETVTFQLLEVSGEPFYKGTFTKMSEEYAFEEDIRKKLNQVIKQKKMSAEQAESLLEKLSFTTVQETPPLSVKQKFLEKKKEKSEKVMIQKKKPERRVPRLSKVSLPSFFVSWKKIGIGLLIFSCIGLSAFFFLKNDTSVAKKDTSYEQLFQEGTYQQLLEKYPEKEQTLIEQLYQEGNEKGLEEVAKQATDNLAQFYLSFYRKDWKKVTTLKELPQEKDVLSMKGYAFLKQGKLEEAKLINEAIKNETLTQQIEAYELTQAYKALREGNVSTAEKINKEIANKQLSDDISVVKSILNLMKKYAEDKENKKLSEAERKEAQQNYDEWKKNLQQIGEESIFE,hypothetical protein
P8-1_rep9_plasmid,MAVKIDGVIKKRAQSLMALNGQSYEEWLNEQHQKYLNEQADVIDQLLKKELERKKRENQQKPHQMYGGNSNGE,FIG00632641: hypothetical protein
P8-1_rep9_plasmid,MCDQLFNAAQKFNILMEREYHFLLGRKGKSKTVKLNFCAENFFHLVGIHKLNDINQSKLRAKEFFFKALAKKITLEDLGKSSKINTIMDRLYIVENLDLILAQNNEYFQFREKVILNSKINWDLLIEFCTDELEGYLFLDEYRRNKGTFFCCSCFSKDRNDYAFKQIRWTLLKVEYIQNGIELPIQVYKSKSYKE,hypothetical protein
P8-1_rep9_plasmid,MDIKKKEALEKIIQLTNNALANPQIYSDKNLNDLLLRIRKEALSGEVFYDLKKELQPTISGFTLRNNFQTPSELLELLTLIQTPKGWSGF,hypothetical protein
P8-1_rep9_plasmid,MDKKFKLFKSKMLTILAMLTILGANVIPSATAVAESINTIESVSTVENKDTETTTTEESTTSSSKINEVTDSTQNSQNELNKTIGNSMNSNDSPTETESSSSQVSSEQQVQHSTEEGKKITQERTGEELAKRPNPTDVQGLTDDEIVSLAQYLYGDYAKKDSSFGVSVKNDEGKVIEIPFERATRKTRAVGTEGNPVYARYDATKGAWHVWGEFYQPLYIDNNLAYCVEPGVVFVPGAGFTQQTTFNGITAIQKEAINTIMNFGAKKGDSSEYIFATNMYMWEKLNWAVSTTLSGYSNYKQQIENNIANFRIKPSFHKSVYTVKVGDTLKITDTNGVLKHFTVQNNLNATVKKNGNVLEITPNANSKSGDIDLLRNTFYTGSQFFWVKPGSQSVTTAGASDPTVGYVKINVLKNGNVKIKKVDADTGKAISGAKFKLSYGGRNVEVVTNANGEADLKDIPHGTTVTIPEIQAANGYVLNKTPQTVTVEANKTITVTFKNKKQVGRLDLIKEDKETGNQAQGSAKLEGAVYGLFETNGQKVKEVTLKKSGDKVTGSFENIQIMHDYYVQEIKAPEGYTLDKTKYPVNIAYAGQDKTVAVKTMTLKDQVIKGGVEIVKIGDKPLVKKVLDTITGKADNIKPQLEGAEFTITSKTTGKVVKVMTTDKNGKASTGKTLPYDSYVMEETKTPEGYLAIDPIEFTISEEDQKFFWVLEDKIIEARLHLVKVDAETGKNIPLRDTTFKIWDRWANDGKGDYVSMRVPNSLEISDEFKTNEKGELVTSDSLPFGKDRYEIRELRAPEGYLLATEPVVFSVTEADAGGVITIKFENMPQKGQVKIHKTGEKGISTVEKECEYGKYAEIQYDQVDLASVKFKIRAREDITTPDGTVRLAKGEYVQKDGKDFELVTNDLGMTESDPNLYLGKYEAVEIEAPNGFVLLKDPIPFEIKYEGQLVELASTTVKVENQLQEINVYGYKKQEVVTGWEDGKPVIELENAKNGQVFGLFVGEGGIQIGFDILPHDTALAFAKVKDGKLAFEVLTLPNVESNFYLKEIDAGNDHVLDETKYGFKYVPSTNEKEHTIHVFADGYAENKEILTKMVRKEIENKLAYTDVELIKTDNLGNKPLEGVEFQLIRVDGKKETVVNTYKTDKDGKIAVKKLPTGNYKFKETKSLKWYYPNTDDLSFEVTPETNGQVISLKAVNKRKPMEITTLLATVDGKKEANPTIDNTLRDEVKIKGAEVGHTYTIVTPYVDPETKKVITTVESTYTAKAENETIHVDIPIAKNTMKDGQKGVATHYIYYDKEKTKLVGKEDNLANKDQTVTFKTPKALPKTGETANVAYVALGLFLFVCASVVLVCHKDKE,LPXTG-motif cell wall anchor domain protein
P8-1_rep9_plasmid,MDKQQELLDLLSKAYNDPKINEYEGLKDKLFECAKRLTTNETNIGEVCYKLSTINSEYLARYHFEMPKSIIELQKFVTKEGQKYRGWASIGIWS,hypothetical protein
P8-1_rep9_plasmid,MDLKTNQDIQDWCLTNLLTRQEAAKITKQSYSSFSQSVNLKYIKPFLEYGSGTGSVRLYLKSDIEKYAKKLEEKRQKRQ,hypothetical protein
P8-1_rep9_plasmid,MEGLNLMDWMQLTGIGSAIVTLVWLFVKVSRDTKSLSDDHRYLQNGQSEIKKSLRNAREKRESYFQDLKENIFMLSKGLLGIEKDTNNVWQLLLEQQEKEKQKLSLLSYSQQDIQDSLEHIQGIFEVVKETNRLNAKLASEREELIRKNEELTEKNQQLQQKNHELTKKLDKVMNKGRSRGLER,hypothetical protein
P8-1_rep9_plasmid,MEKKVVILGNGFDLACDLKSRYSDFFENRIDEELVCLLNSTFNDFKDRLSVDGLGFKMIFEIGDYKENKNSEQFYIWANETYNKLKESKLTFWDLVFYFFGNNSNDLQWQHVEQRMLEFLNTPKELVEIPSLNLILSALKHNSRRKANIKTLFCLHLAFYLSGGEKIYDQAELMDYLHKELRSFEKGFSEYIKSVESDEYRRKACSLLLKMSNATSVPKIEDVVVFSFNYTNPFKVYNQKLSVVNVHGTVEDDNIIFGIDQERIDPNLDIFRFTKTFRQMTETKLATKYEQEILPSRDEVTEIAFYGHSLSSLDYSYFQTIFDYYDLYGSKVLLVFYYKVYKGTTKEAMELDLADKISNLLYSYSESIDNIKRGKNLMHKLLLEKRLFIKEITSER,FIG00633774: hypothetical protein
P8-1_rep9_plasmid,MENREKIIQLLENPLVSGYGIEKMPNDRLYSANYQRYKKRVAKEKQPMVIFDTMSVKVEKLLLELAKEVLRVQPKTKQEYREMIARYSFRNGEN,FIG00629960: hypothetical protein
P8-1_rep9_plasmid,METIARKIGNSVGAIFPKDISPEVGEAFTIFKVGDTYILKPKKEDIFEKKEAWEGFRESLTEEDKEWDTMKLEGEEY,Programmed cell death antitoxin MazE
P8-1_rep9_plasmid,MEVTFIYLDTPCRDLNESNITDLYTVKKELADDDSVTDMAKEVAKGYINCNLGHVRETERDISVILFFKPVDGQDIYSTTPDYYFNERDEVIFFDFNEKIKHNWTLKELKKLKYKEHIKNDISVVYVAIPQGIGAGFLEEQIILSIKSFIFERFMGMLVSGAKSTLKSRISKIKNKDIQKIAEQWVKKQGLRSARQLRLFIVNKGNWELSELAINLNITQEQAMLLLESLGFELQGNQYIPSYSEKAIQRRLEWEKRENLQLTE,hypothetical protein
P8-1_rep9_plasmid,MFDKINEWQERIETFREQVQSKEKKPRKIQSKFQKHASKFYILMCVFTICGYLFFSFSRSIFKDDSPMLDTGIGVASKTKIGSSEVEILSRKVNEDSGYGEVLFSIEDGNDQVHKNYVAFAGESKSKQQIKTDLQEISTGYYLLKLNGIPKEWKEIIIDFGYNEEKKAPTSIEQIEEEAEEKQKNQSQQTTFYWDVRKSKNSPDLKEKPKENYELEVIKIEEKEVGKQQKLLAENSKKIDEEMKIIEEKIATEKQELFYKVGEEKEDGEEIVRGLEREKETYLETKKKIAEEQELLEEKADKLAEKRNKITNN,replication-associated protein
P8-1_rep9_plasmid,MFRKGGEILSIYGYSRVSTSNQDYKTQIQKLERAGAEKIFSEKYTGTKKEGRKELEELLSIVKTGDKVLVTKIDRLARSIVDLNSIISSLNNLGVTITFLDNALTFEPNKSDSMQTLMMNMLGSFAQFERDLIVTRTQEGKQWHRANNKNYREGRPKRVLNDKYKHALELMETNSMREVERKTGISLSTLKRIKKQAKEEQLLSEK,"site-specific recombinase, resolvase family"
P8-1_rep9_plasmid,MFSRILSEFASVETVIVYLLPSVLLALFFLLLLTCIAFYSKISKIKRICLLAGLSFFLIATCITGYIYNKKENEWKDTIQHSLKEKHYQLPGMVDDKSKPIIQFYPNPVLNFYESLKNEGPSFFVNFKTEDRRINPKFYLTGEIRGNKVTNIQIVNNKNVKEKLLQ,hypothetical protein
P8-1_rep9_plasmid,MGSIFKAEGKALAVRETDVKLYYDENNYLIRISLLPNKVLEFQKNGLLKPDQLRAYTQILLIHSGKCLPIPIVQGSHGVWKDLFGFDVPKSSKIKKRKLNKWHLKAKN,hypothetical protein
P8-1_rep9_plasmid,MHEIQEEIFTQAKFFGKLLIKDAVCVFILFQVATGLQEKTYNPLGTVAFLFVMIMGIYWLLPTVGNVRVRNYQRLWLILSKNRQTYHAIAQQSFQEEEEIEFPMFTEEEILEEDSQIEQEMKEYNE,FIG00632142: hypothetical protein
P8-1_rep9_plasmid,MHPTKQKKLLSLYDETFLQVTKTEQNFFNFLKQSSYLHKYSIDEQLCIHGQRPQAKYLADFDTWIRIGRFVKRGQKAICALRFNEDRVQGLNFFDVSQTYGKKIDFPDYTLSEQEYSQLFTIEQVKSKIAEIQNYSHLSQAENRLAEVIGKELIRYKTIQSFTKSIEWNVDLQDLNKFVPIMQVANEMNRVVSKEILLLKQEERMNSNEYDIQGERSWSTDSSSHISRQQTTGEIRENSGREFEESKQIGIRDKNDGRQLDELRPRNGTKNVESNQRIGESVRTTSAVDERTTERLDDRNENTESVSTTSNGSSNEGTTQLDENTAMSLLKEELLQGTGTEHGKYRVVHFFNNVKSQSLRIKFLKDEYGYYGHAGPNQPHVSYSSKGVSIDDIQYSWKQVTQTLDELILTNQYLIGGETIGYQQYRSTLDDDTFIKQNETKNNSEISEQELSLFDFASDNVEAENLSDTTMIGSSSLEEEQALQETGQAFYFPETEHFYDTKSKEKIRNNIAAIRLSKKIQKENRLATPEEQVILAKYVGWGGIAKVFDTRSDNYEKEREELRSLVTEKQYKQMRESVLTAYYTDPMIIKAMYQKVQAFGFTGGKILDPAMGTGNFFSALPDTLKDQSELHGIELDEVTGTIAKQLHPEADIKIKGFEEVGPLTDQYDLVISNVPFDQQKVTDSQFERRYSIHNYFLRKAIDSVHDGGIVAIITSTNTLDNLTGDILLDVSKEAKLLGAARLPNNAFKKIAGTEVTTDILFFQKDVSWAATQAYSPNWCFVKTGKQGAIWYNNYYHDHPEQVCGQFEIRHHHGNTLSVVSSGTPLDVQLKQAFERIEGRYFGERKIVEEIEKADIVEKEPLSIDEIPLFTHELIDNQIYYNDSNEIVKVDVSGKAFDKMKRLIDIRNTLLDVIAIQREVDYDTETLKELQEKLNQSYDSFVEKYGSINENQKVFVKDDYLPLLRSIEVLEKDGSITKSEIFTQATIRPKKEIKSVSSALEALHASLGNRLKIDWAYMSDIYSKPAETILEELGEKVFLEPNLYDESNLFGEGWQEAEEYLSGDVKTKLLEAKRAAEKHPDIFERNFKALQEVQPSPVKAGDIEFSIGSSWIPTEMYQEFMYETFETRPYYINYDVIKIEKDSLSVRYFIKGKGQDKSAVVTNQYGTKRASAYSILENSLNLKKVEVKDKIRDGDKYKYVLNPTETAYARSKQDQLEEVFRSWVFKDEKRLEKLQEIYEERFNRIVPRTYNGDYLVFSGLNELYELRPHQKNVVARIIQNGRALMAHTVGAGKTLSMISAGMLMKEQGLINKPLYVVPNHLTNEFGNELLRFYPAKKVLITTKKDFEKKNRQAFISKIAVGNYDAIIIGHSQYEKISLSPERQKEMLEEEIAQVSDAIATYQMESDEDSWSIKQMIAFEKRLEERLENLNKLDKKDKQVYFEDLGVDFLFVDEAHQYKNLYSYTKLSNVAGVNSSNSLRASDQEMKCRYLLEKHNNRGVVFATGTPVSNSMSELYTMQKYLQPDVLKQYGVYHFDAWASTFGEIISSLEITPEGTGYQIKNRFAKFHNLPELMQMYNLIADIQTKDMLNLPVPKMKTGKAQVIVTELTTYQKEKVAQLAERAERIRAKEVTSDVDNMLKITNEGKLMALDPRLMDDYDSKCYPVEELKETKVAACANKVFEIWENSKERKSTQMIFSDSGTPNPQRFNIYDELKLQLIEKGIPAEEIAFIHDAKNEKQREEIFDAMREGEIRVLLGSTSKLGTGTNVQRKLIACHHVDCPWRPSDIEQRDGRIIRQGNENEEVEIYRYVTKGSLDSFLWQIQEQKLTFINQVMTGKAVTRSCDELSDTVLEAGDMKAIASGNPKIAEKMKLDNEIARLKMMQRTFINEKEGLKWQIKHELPARVNSLKETVAKLEEDKQLVELPANQEFSITIDNQTFTERAKAAEKLDELCTLYKNTENFTEIGEYHGFTVEVRKNFHEYGNVDIRMVGQSNYIVSNALGNGLGGIRKMENELQRIPSYYADTVNKLEIVEDQFSKAKERQQGGFPQEKELEEKLALQAQLNQEIQTTLESEKATTACKEFEQPNLELEY,FIG00630330: hypothetical protein
P8-1_rep9_plasmid,MIDTDALLQPEEALPALIDTTEKKKEKKKIKKVEKSVLSFMAERRIISEECIALEKGVTDFYRIEDSSAREGSLEQRQAAINDFLVFLKAIHKDVKFIFTSFPIDMSENIDYAIRRFKMGALSPAVKQEQKYTLKVLENLDNNRLIDTVYLQIFADNEEELKEVSREIRVAQSAGFRLYPMTLTQKIKFLFRRYNPSSPLPVGIPYQKTDKTGREASVQKIVDKKGYDPLFIGTIQPMGGVKPHSSKDLQIADGYIRVLNLVIYRPKNNPNFWGEKIFCMKNVLTTLDVHTIDINNPLVEQNLNRSLGEYEDRVYSSKDKISRKKARKEYEQLDRTVESILESVEVLKEIHVRYILTESSIEKLNEREQEIHRKLRKNQFQATCFLDEAERQFRASFVSFKEGMKLIKRKGKEIKGTALAGSYAFNYANHIDYDAPYSGYPLYGSGVVALSTTHKDSVRKSYSIFIIGSQGFGKTTAAKKLLKQAVEYNNIHYGFYVSDETKRLTEKLGGNYYDASLVRLNPCQIYRSDVDAKTKQTNEKQSLKTNLTKMRLVFGLAENIDFGSSIMTEAKQIFNDGYRKYMERHHLEESKITQYDPEQYPIYSDILAYAKEEYNRRSETFEKQSLSELIKKLESFITDSGDIFNQKSTFDFYEKKLVTFNMENLVKSDMFAYNAQYYNLYTAAFSETVRVGQREKYLFDRKKKRVDELIYSNITSDEFHNPIRTENLTLLKALDRYNREGRKLLIGQTYILHDIADAFPDYSDNKMGEISKIVVNLFKLSTYRFLFKQDESSEELLRKVFGKQLSVYDIKDIIQFEEGDILLNIKGAKNIKFRYGLSAMEKEIFDGGV,FIG00633333: hypothetical protein
P8-1_rep9_plasmid,MIRVLRKEDIGYYGARVTTFSSREKRQLRNTRSETHKSSKNYRIDGLEAIEIEHYFEGTKKKVRERARILLKDVYPEIKHVYDHNGILIGRRIQRGAPLKPTGKGMSKFLRYEN,regulatory protein TraE1
P8-1_rep9_plasmid,MIVRGQTIKNTRKLKKLSQKQLASGICSQSTLSNIENIGVCKDFSVLVALCERLNLSIQECISQNDIQYLENLLNMVNTLCIQLKHKQAYQLIQPIHLDKTKSNQELYIKFLYFKGLTNLLGINDLNQARNFLLKSSKSEDGFITIYNILSLNALGTVYELEHNFVQAEIYYEKSMRLLNKFKYQYPVEACRMFYNTAKFYSEIKEYSIAVSYSEKGLDVIRQSCSGKFLEYLLYEKAFNLYQLGKNADFEYKQTLCIAEFFQNTEIMKYIKKDMEVYFCANSIKKANNK,"TPR domain transcriptional regulator, Cro/CI family"
P8-1_rep9_plasmid,MKFYEMKEPYFALIAAKDEKQCLKLYKDIVCEVEDEKEFFDDMKTIDKYEAFKMLAKSRIEDGGELGAEEAFNQLENLEANGEVLLIDRRLI,FIG00633031: hypothetical protein
P8-1_rep9_plasmid,MKILKVLAIGVTVGGIALAMNSEKAEAAEWTPRTAEQIKAEIKGNEYTIVWGDTLSAISQATNITVQKLADMNKIANVDLIYAGNKLSFDGNVASVQNSAGETVAQTVIQDKDKVNPSQPVGQPTQEATMNNVVTDNTQTGNVEAAPSTPEQTPVQPDNGSQGEQTTPSTPENNGGTTTPSQPNQPDNGGNGGATTPEQPNQPGGGNTENPSTPSDEYDPMTPVGSGGLFGSEAEATAAGQAKALELSKEGQGDYRVVVWEVKYVDGRTAGWTYELAI,Pheromone response surface protein PrgC
P8-1_rep9_plasmid,MKKFYQLAVGIGLLSVLVGGGNKEIKQTQSTQETTKTSSTKISESLSTNETFTSIEEKQSNGAISKDLSKNWYDNQIQIDNQVLTIL,hypothetical protein
P8-1_rep9_plasmid,MKKIYQWLLMGGLMVLTFCLGITTYADSKTSHAGITFTGDGSIEVSVILQKKDKETKEVLSDATFELRDEKGTVVEVAQSMTTDGKGEIHLTRLFPGKYTFVETKSPKGYQLDQTPISFEVGFDQTSVKVTAYNEKSKKTGGTTQSTTPVESTNKNQSTSSKKPVAQKQEVAKKAKGNLPKTGTKMSSVWIILGILILASVIYGMYRKYITK,cell surface protein precursor
P8-1_rep9_plasmid,MKKKIAMLLTVSVVFILAGCQDLNIFVKGFEQSFSGLEMTINTYDEESQVIDKIIGKSIKIERDSKFDTNSETNNSSVIQVTIGDKELHHVGSSMIVAENGLNNVFEQYATKVDIQNMQHGVPIINSLVNDFKNSFTGKEKLILIRSQNGTPLATYAGSNVSLYSTDVPKSTGLLVDGKYLFVYRCDYTIYDLALLS,Diaphanous-like protein
P8-1_rep9_plasmid,MKKKLVKGLVICGMIGIGFTALGTNVEAATYYGNGLYCNKQKCWVDWNKASREIGKIIVNGWVQHGPWAPR,hypothetical protein
P8-1_rep9_plasmid,MKKSIVLSTIVLFSSQILLPTVAIAETNQHNTTDSNNQNQVMIPADSSQVEDENTVSSEKDNNISGESSKHNSVVTPSENNGTDHSISLEENTSISNDTTDKIVKNEDEDSKVDNSFSNNEELKSTQGISFGKIQVVDQYQTYIDPITGVKPGELTVSIPVTVSKEGISDAYMVIPYGGCIPSIDNPVFSNFSMNSSIFEYVQNTDIPSNSIVSSYENDVVNKRIIVRLKETVTSVETINLKFKFNDEYMGKIPVNQIIWSNLYAEIYILNNKIDQTDSVNITSSTRDGMGLAYNYMNPSDQYYSDGRISTRLKYVNDFNQYSKLDVSKDNQMYIELPTGSIINNQATKNYFDFSSGQTNIEDNSIPVGYTRYYRKLTDDSSSFTNWHSGGNPNKNSILYDFQFTPPSTIKTGEYFYVNFGMKYFKYNSEKKVISSQVKYQKIDTPEWQISGTGGDHSTGTSTNATVVINEPNSVSNENIAFGWKTYEHVWTTKNTGKKPIKGMKFEILQQSDSSALANFNSITIYGTKANKDVADTYYKTVFEIKNTEGNTREVTSNLYKGTHNVPIPDLISGEYINKITVIPMGETGTSEGVFLPSNGFAIGYTCKNWISGKWPNGSTIEREKVYEIDFAAKMYYEDESNPQNVIAIEKAQPMGKVFYTAAATQAKAQIVSSNSFGKSPGDTVNYTIQGYNGSSATGVLKNPKIAIAIPKVLELKNPNELKTFEDKVNNKIYKENVVVKLINTDDEYNYYSIESSVTVDKNGEKVAFEIPLEFTVKNGAMEGNYKIPAVAITGKDFLQIDSYTNNLSSELAELLGLSNDVPHSYTATVEKNTSLTIVRSSRLFGRTFVRENNSANWSNTSILSVNQEEKPQMKVAVSNEGNTTFNKAKIYNVLPYDGDKRGSTGNIEFKEILQSNTSAKVYYTNKPVDELPEYGTDLNAWTSEKLESLGFTLEKPKNLSTVTAIFIDFEESQILPNSIFESILEFFVPKAENQKAVNQFQYSAQEVGTGTLLNGVSEKVIFSTEIASVYYDSNLPSVLVPGISDATNIPETQNILLKPDGSGEITIPSIIPILPGYNFVSWEDEEGNRYSPNDKIQFTKNSSKKKINLKAIWQAKKVNVIYNDNFGDTPREVTKEYRFGDTVQLSDVTIPIREGYTFKGWSESNVATVPDFLENSKIDFVDTKVVYAVWEANDYTIKFDANGGKGTMPDQVMKYDQAENLTQNAYIKEGYIFKGWSTEPNGNVKYKDKEVVKNLVSNANGEIRLYAVWLEGLQLSVPDSIGFGSKKLSKEDKIYGVEEVLGKELTVTDNRGSNNTWKLGVKLLQPLTNVDNGKQLLNSLVYKNKTGEQLLTDSDTQIVETENTTEDNFTWNISKTWTENSGLLLKVDSGKASLGEYTTTIEWTLNDTP,FIG00629184: hypothetical protein
P8-1_rep9_plasmid,MKKTSKLLSALLVVSQVFGYTPAVFANEEPTSPTLSSESATVQEGSTGGQTEETVDSTPETTPEAPPTDSSTEEQPTTPEQPVEPETPTVPDSSKPETTPVEPEQKPEENQPVEESKPTDSTTTQTPQKPTETPTNQPNVSTQSGVSTNTETSTTNQETAAPVVDEVKEYHQAPSAPIQELVPESTVSSDGMVHFERNESVEQFIQKIGEAARKVGQENDLYASVMIAQAILESASGQSLLSKAPNYNLFGIKGTHNGKGVSFATQEDLGNGTLYTTQATFRQYQSYEESLKDYAKLLKEGLAGNASFYEGVWKSKAKTYQEATQYLTGRYATDSQYNQKLNGLIETYDLTMYDHPKTTVEMTESDFPAYNGENYDTSNSYAWGNCTQYVYNRITQLGKHIDLTMGNGKDWGVTGQARGYEVSRTPQAGTAVSFPAGVLGADPVYGHVAFVEKVNQDGSIYISEMNVQGLNVVSTRTIAATQTSMLSYIMPK,"N-acetylmuramoyl-L-alanine amidase, family 4"
P8-1_rep9_plasmid,MKLFIGLDVSSQKLDTCFLTDSKEILFEGSLSNDLIGASEIKQRILDYQETFGFCRIVIGMESTSVYSFHPAMFFYLDEDLKLLPVEVTVENPYRIKQYSRMFDQDKTDKIDAQIIADYLRVDLHTLSPIKEEVYVGLQRLTRSRYQLVTQMVEAKQHFLENLTYKCNTLSKELANEDNKTSIFGASIMNLLTEGITLDEFSEMPLESAAELLQKLGKGRFKNPEQLVKSIQKAVRSSYRLGKVTKNSIDLVLGIIANEIKFLKKQIKEIEKAITALLETIPEAQCLLSVPGLGAVYTAGLIAEIGQIERFDDQSKLAKYAGLTWSKNQSGNSQSENTPLNRSGNRYFRYYLIEATNRVRSTLPEFKEYYQKKKNEVPKHKHKRALVLTGRKFVRLIDALLRNGQFYQPAKVVIEK,Transposase
P8-1_rep9_plasmid,MKLPNLKKLHWSMKKLDLLVDVFDFSYNKVDCSILFNPDYQTGFSLTFFKKKNAHVLKLPVQPGYNLIIENENFHAFCRFFEIKREKGSFSIIDFFEYLNSKIPTKSIPNTTDQRKIISSLIPIVDSEKIYFDHLINWEKARAKNPELKKGRDPKNLEKTRLLYPEIYQEIKDFDISVAYSSEPAPNEKLLILNELKEQFS,hypothetical protein
P8-1_rep9_plasmid,MKLTSALTVAMIAGGIGFSSISADAVAPQQTTGKVTFTAGDLTLDKVPSFDFGTQQITTQDQDYDAQAQSEVQVTDLRGSSAGWTLTVTAGKLKAGVKELTGAQVSLASGAVANSSNETVTASDTTLTPEQSVKVMNAAAGNGNGVTTGTWQTTGVKLHVPGTSTKSAEQYTADLTWTLTDAPAP,extracellular protein
P8-1_rep9_plasmid,MKNDVKKMFNELKREMKETKNKCVATLTSFAFYRIQWMNLIYFIKYLAKIVCLLYALNFSLLCYELTFELDKILGVSKQQLFTSVADMLSDLLLILFLIHFFGLMLDMSKSEYKRERFCHLLKPFISYCCVRFVYSTWQGQIPNIQTLDDIPIEFIFTFFSNLVTFLLSTLAIHLFWKRARNHLAVIADYREKREADSIPKRIQDQVILSDYAKQLFVPVGLKKVEHELETQPAYIEGQSAHTHIEKYLEETFVIVKLKWSIIEPKSLSVQECVLETDSSVTLEESGERG,hypothetical protein
P8-1_rep9_plasmid,MKQIAVYIGVGIISLLSLIGFSLTGVATENQADFSVNAEQSVYQVDKSKTYFDLSLPVNESVPLVIHVTNNSEEAIEVAGELSPATTNINGVVEYGKTQNQLTSSVPFDITKVASFEKEKQTIAPKQTVDFVVNVSVPTKDYAGIVAGGITLRDVTEEKTSDETTGMFKNKFAYAIALLVHGDKTPVENAVTLKEVTPTQVNSRNVVSAAIENKTANYINKVSIEASVTDASGKEVLSEKKEDMQIAPSSLFQFPIYYEKQAMKAGKYTLTMTVRSEKQEWQLKKSFTITEEKATALNKTDVSEKEESRNVQWLVLGLVGIIFLLLIILIVVLKKKK,cell surface protein precursor
P8-1_rep9_plasmid,MKTIQFYMYIPIVLPVFLLAALVLEFLIVFQRLFKKRH,hypothetical protein
P8-1_rep9_plasmid,MLAKQEKKFIRQKMYEIIGNRLITELSPEELKEVQKLAQLIGSNYIFDSKPLPKMTLETLTAKKYQELREIGYRMLDIRRALNISDAKFREWRTEHGLSI,hypothetical protein
P8-1_rep9_plasmid,MLIMLLVIVAMYFYLFRTQKKQQKERQDFLNNLQPGDAVVTIGGLHGVISEISSDKKKVTLDCEGAFFDFDQQSIRAKK,Preprotein translocase subunit YajC (TC 3.A.5.1.1)
P8-1_rep9_plasmid,MLSILRVYKEGFNESIKIGESLEHADDKYIVIRILEVKKLYFSNSVRLEVKILVQKVGEITDYHKYKMNFAFTERYNQSKEDDTLRLAKLAKIGKIIFSSDKKMAYEVISINSINYEFVDLVVEYTAQMIVPWSEQEINKALFDERKSTFKVLEGGK,hypothetical protein
P8-1_rep9_plasmid,MLSKFLNNFNKKKQSRNKRKNIHENWFLDANILTDNSAKPISQSKKMRKSDCFMQVPDANFFIIPESRNPKFGKWNS,hypothetical protein
P8-1_rep9_plasmid,MMNNVTLIGRPTKDPDLRYTASGTAVATFTLAVNRNYTNQNGDRETDFINCVIWRKPAETLANYVRKGTLIGISGRLQTRNYENQQGQRVYVTEVIVENFYLLESRSQAEAREQKQKTTQNSTTNNQFSSTASNVDNNDPFNGNPIDISDDDLPF,Single-stranded DNA-binding protein
P8-1_rep9_plasmid,MNDFQFYKSKEIYREKYYQMPKVFFTNELYKSLSNDAKIAYMLLKDRFDSSVKNNWVDNEDNIYFIYTVAELMTLLNCREGKVSKIKKELEAVNLLKQKKGRVKKINGKIETTPNLLYLGKPIVTSEDVFKINEEQNNVNPVIAKIANTEKVNDINENPVIAKIANTEKVNNIKDNSVIAKIADNLFYTSYLDTLDTLDTKKEELQQQLLLDQFPEVQENTFLNKDSLKFIAAFSNTIQEAHEQVGTIIRAKTKAEKDYNVVLIGEDYQEEIDKCLRRVMHKIKTDATVKSPKGLFYKSFYNLFVECAIEKKNQLNQNKIETRPQIVTHNWIENQ,replication-associated protein RepA
P8-1_rep9_plasmid,MNEEKLEHYQKWCQENLLNRTEAMAITKQSSYAFTQSVYTKQLLPFVEKKGNTPSGTVRLFLKKDVEDYAKKIQNRQKNQPTKKPSH,hypothetical protein
P8-1_rep9_plasmid,MNEKELAIKKWLLHLLDQVYLDADAYKNFFIRILPKERKRVTGTYHSVERVIEVSNLLRPPEVIALSVIKLLAQHIVVVNQELFDTEESEVSICKELLTELINQGKISKKELGTMVDTGMLDDEMAVYGEISTWSEKETEDLLCVVVRNSFSLKGALRKRGYKWLSARKAWIKTYSSLETAEEEKSSLWTLSSEIDIGLETPIQCLFHFDYFLAIKQPEVNGDQMEVLGYVYENYGITKKFVKRVPTCLFSNERERLAKLEIPFELVVPKERQVVY,hypothetical protein
P8-1_rep9_plasmid,MNKKYIVAIGSILLIVLTIIAFTVSNKTETQSQNTVQSTTTSQSSELSIYPSLNSLKEKYGQDLIDLGSSQITTVLFEKKNVAFITSEKENDIEFPLTVTDKEKNLFSISSIKHTPNNLKIGDTFGLAKIHEQYLAYSR,hypothetical protein
P8-1_rep9_plasmid,MNTVVPLKDKRSINKMKKSLRKGRYGERNVLIFSMGINTAYRISDLRNLKLSDVAIIEENKIVIKNRLSLKEQKTGKYNSVILSDQLREELEIYINKNFTEYVNNDELEHYLFPSGKGIDRPMNRQTLWAILNRAANENGISNIGSHSMRKTFGYFLYKNKVPIEIIQDLLNHSSQRDTLRYIGITQEDKDIAVMSLNL,"Prophage LambdaSa2, site-specific recombinase, phage integrase family"
P8-1_rep9_plasmid,MPRKTFVYPHPINTYIIKQLGITVEEFCELHAFSQGTVSSWITRNKKIETLPISFIYSLSLSASKTMDQVYSDLLKLQDDYLLHLERHRRTKKIIE,replication control protein PrgN
P8-1_rep9_plasmid,MQKEVSNFDFSDFYDEGFEKTSNIRQAIYVFQDGSMWNGYSEGGGGYIRDVDHGSIEAFFKDTSIDRYHPEYHSMVLSELVQVVPETQTVLTLAANNYSEEQLKVLQQFQQEGFSIEQLENHSEVKQIYSTEEIEQAYIELEQNLMELDDEEFWEDLQLKYDLTKLEDIEKAQEEIEQRLLEEEEEAKELAEIENKMWEEYEQQQEENIYLQEELGIAATEQKMAQHEMEQGLSF,FIG00628535: hypothetical protein
P8-1_rep9_plasmid,MQLTVFILFLAFLVFAVAFLLHKISLGVFLLFFPVALLLWFSLPAIKNHKTDKNTH,hypothetical protein
P8-1_rep9_plasmid,MRGKIMKSMPQWLMIGCCGLLLGIGGTFFYTKKILAPQETKIMQNYEEKNKQLEEELQSLKEKKANGTAGEVPIPKHTYSHREYKNLKAIGEEFRKAYYDISTDTAEEKLKKLSEICEPKLAKTLRPAWVDDYKDSFRIEQETVSEQYYVQLDGITGKARMIGCLVVSTKHGSAQAFDVKYIDQFTLEKDENNHWKIKKFEEQIASRDFPTSYFSKE,FIG00630312: hypothetical protein
P8-1_rep9_plasmid,MRGLKAKIFLIVALLGSIALVTMSVAQEINYIIMLAIGTEEEEKTNLSPVENQGLSAEVLALKPIVERIAKEMGVSEEVPYLLAIIMVESGGRGGDPFQSSESAGLPPNSITDPEQSIRQGIIHYKSVLQLAKQYGIEDRKAALQAYNYGGGFLSWLHANNRPYTFDAGVEFARQQANGLKVPYTNPIASSHGNWRYAYGNMFYAELVYQYVNSMQQGVANGGNGASLAVLESVLGQELYGGECYMLTAYYVEKLGGPQLRGSGFEYAERIGEDYDWPAYGWSVIIDPKPSDLRAGDIVNWYAGGILTPQIWGHTGVIASVSDGGQSFTTYEQNSEKGRIVAKYNRTYSITKIRSIVRKNK,"lipoprotein, NLP/P60 family"
P8-1_rep9_plasmid,MRKKERGKYKKRNYEKATQNHLRFLADRRFLIPSMTIFFMVEMILGNWLIQMVGSITQQSLFDFQGVSLRQAVFYYPIGQYPQWYLLLFLFSLVGVAVSTLRLYSSFRPLEEEHVQGTMDFETVEGMDKQYELVPVHMFTDKEDYFDGKPGYPVGRKPQTPSEKAQGLFYYYVDTTDSNSITLAGTRQGKGIYFVDPFIDILTRARLISNRASFVMTATKGDEPRVWYETLKKRGYRIRVVNTMNQYYSDPIPVLGVFNNYYRHYKRLKAESVQLKQAGNKSEALNLNIQAEKQLANAEKIITQVAFSYFKEVNEGKDGGFWTKACRSLFISIGIALADQEYEKEEKSKVNPYTIYTVANEMQKRRIKEKSHNFLRKYTDDESELKRLLAEYEGKCELDVFFGELSRTHPATRHYDAIFASAPAHVTLGNIITHFNGDLEPFLMTLNAKMTAIDDGFDMELIGFDREQPTAVFVMLSDADTSNNALGVMYIDQIYQVLINRCNLEDDSCCYRDVHFIYEEGGNLGVPISNLARKWTAGLSRRLFSHLVLQDVQQLASLYDEDTKDIILGNTGNLAYIRTASDKTNKYISGRLGERSNYSKTRHKDPLSIKATETESAEKIDLLASYELERVREGESIILRINKHRDLEGNPIYQYPIFNTYENDTNLIPFYKYRKMKKVSWEEIPVNNQFMELELEELNWLLEPKEIKQTSAPEQLSLPLLSEYQKPKRRKQQENKVLSLKEIEPEVQEKHFFETSKYQTQVALLEKLYGDQLEQSVKTTFSEEQQKRLTSLIHIAGERNNKAFAELKTISDTGNLRSYFSCILSNFEEKAVNVFVQQLKEWRGTYEY,FIG00632417: hypothetical protein
P8-1_rep9_plasmid,MRKRWQQVQSIILSYLATIIGLPVIYSLDQQLPIFSGFTDTWWQTIVYTLPMILVVGLIKMIRKDERV,hypothetical protein
P8-1_rep9_plasmid,MRVRGRLIRAVRNKKNLSQSDLANEICTQSTISNIEKKGFCDNVLIFSRICERLELDMSNCIIDPTEKYLIQLLTEAEQLCVLLKHKQAYYLLKTIDKNTIFLNDLIKKKYLYLKGITCLLGKINKTEALFYLHQGAEITHKANIFNYLSLNALGIFYELEKEYQKAEGYFNRSLSQLRKFKKNYPFEACRIYYNSAKFYSEIKMYQKSVELCNLGIEICKSNKSIYLLDFLLYERAYNKRKLGENTTEDYLQAYYFSKFFNNKKAVTCLKHELKHLNINYS,"TPR domain transcriptional regulator, Cro/CI family"
P8-1_rep9_plasmid,MRYLLIDTPETMKPNTPVQPFGKEASNRTKTLLSNAKEIQLEFDETNKTDRYGRLLAYVFADGQLLQEILVGEGLAKIAYVKNKEAKYLEQLEEKQALAQQQHLGIWSK,Phage-encoded chromosome degrading nuclease YokF
P8-1_rep9_plasmid,MSKEVNGNNEKKMKYGIVSVCAVALLGCGAAFAMLNNEPEPVHKANGSETIQERKEKPSAETKKAPWEKQVEKNQKKEASKKATKTDDPLTLVKDEAPLVVANPLKAKVELLNQLEKAISVQNEKEATRKKEQEVVPLVFSKEEKPAGSLTEKPTNKPNVEKPEGSEELEQPVLPEKPILPNEPVLPDNQPSIPTPPDQNIPSEPEQPVLPEEPTGPSLDELVSSAKDKLQTANTQAQAINQQLQQVQDKLNQLNQVTEKTQANVNEATEHLAEVNRLVAEYNELSAQIKQLLNENNEIPPINLTIYQETYTKLQAKVTEIQEAQKKATQSTEAAQTVVSEAQEVNQSLDTMKQQYEETHKPQAETAVSTIQTTVNEVKETPEVAEQVQPELSQAQETANMVGTTIEKVEAGFEEANQATTEEKLTQAQDSVNQLVEETTNQNQKVEEVLADFNQLPTPPEETPEIPEQETPEAAPTTSAANTPEQPVSADSTMA,MJ0042 family finger-like protein
P8-1_rep9_plasmid,MSNNRGKSAAERLLGAGKEDSNLSTSTTSNNKELKTTQENIVLNKKNIEKLIKQQGNSKRSADSIRINPILANALKYWTSIAEPEKSKPDVIEETLLKAIPEEYLIQGYTMAKKQNKI,FIG00627778: hypothetical protein
P8-1_rep9_plasmid,MSQEYLSINTSLFVPCHLQEKHSYPHPHVEQNLQLFFLKNYL,hypothetical protein
P8-1_rep9_plasmid,MSTIPVFSQKQLAIARRTNMLAYMQERGETFEKVSSKFLEHTLHDSMRANAKTGVVNWYSQGINSYDNAIDFVMTYYQESYEQVVRQLLDFQFNQQKRYTTTKTANKQQEPRQEAFRLDKLSITGNYDTGVLDEKGWDYLRSRYLSDETIQEFVDKQMISSDNRHNILFKFSDIGKGKMGTVVGADVQGTYARPLAKRIKKTKENDLNLERKYFKGIALNSHGQRGFLFAKNVDFKEPITLYVTESPIESLSLYELDKEYLPKNSFFLSLSGLKEETLWRTCRDLSNTMDCSIGRIVLAVNNDEAGKELVSNVHATYSKNAEMKENTKLTLYLPTAIEKGDYNEVLEMQKTGRLASRELKEKEQQQAQQLYNQQKAVQYQEVSV,FIG00630159: hypothetical protein
P8-1_rep9_plasmid,MSTKEIFTALDTFSDYLSLASMIKDIGRSILYFIVSILLWIVDNLTNVLKEMLKFLGFYNADSLKGEGGLVQTLISFKSFGVALAILMIGLVLLLGKSQQTRDIPMNVLMLLLMSLMLPSIMRDGIKIVTATETSLSATQGDVGFATVKDNIIDTYILAEKGWKTTEPDPKNRLTDLDWFDINERISDPDEMENGEVFNYELKNKKNGEGKEAVELDDGGGGIKGWLLKKFFTSAYYRWRADWLPMIVTLGVLAFSLIISLLRVGRLGIELAYNNIWAQLTVFFSFRDMKRAKMAFMEIISGFVMLLSIFTMYYVFIYYNSFVFSKDVSMLAQLFAVAGGAWFVYDGPAIVQKTLGIDAGLSTAGSFVMGMGAKSAADKVGGVAKTAAGATVAGVVGAAGFADGLMRGKKNDEDANLNKMDNEKNTDETNDDLPPEDEQEDSNLEKESKDTETKNTSENEGEDSETGEPDMEESADAEKSSNEHENMDDWNQEDMEEKNSESHNDDSTSSDETGEADKTANEQDSSDFSEETGEKNTTSDHESTESASKNSSDTSESTAPDEKERRNSDRSSASEREENTANSLEKVENPFKKKAKDMIHTNKYQKNMKNPIGNQVDRYQRNKEFGQEVNEWLSQRKALKEQARNEQRSKNND,FIG00629415: hypothetical protein
P8-1_rep9_plasmid,MTKKTAGIILTSAFVMPGSNTYQAYLDYMERNEATRNEQFDRFNAFSTQNFMDSISAIDGGGEVMFSTYNDYMSNPEKTSALFTKNYDQAPENEVHRMKKYFSEAQENRSPLWQLVFSFRNEWLIEKGYLDEKTNHLKAQYIYQATRKAVAELEKKEGLKGEWTAAIHYNTDNIHVHVGYVENEPTREWINYIHPTEPHKSGWQYKGKFAQKNITATKRAFVNELMQNKEQLLSLQTYLDYQKRLAESCQEQFTQGQYEQRFVQLMEKLPRNQYFWKYGFAERHHFKPELDRLIDLFLETDGKELMDKILPRLKQISDDYEEVYGNPRNKPTYYDQQLYGKNSLYSRIGNLILSEAKKHPELFRETPRPASLSALIEEENRERDSPNEQFLTEQQIVTEEGDFSEAYASLEASMPSEKSESLFDEQIEMASSNLSTNKEEWTEEEQRAFSSLEAEQPMDNEEEKVIGQQQTEAKKEETPLTQALGTLNRFFENREATREERNQNIIRQMELEKETAIKEKRGVYFHKVNDEDLAEPVSIFEHGKLKKKIILPSNNRAEYVSMHEGPSKKIKSNLENYSSTNQRSILNQKPEATYVLGEERWQLKNRRIKESEKDKPILLIGLKKEGEESFRFEKKKVYDYSQTEEIPIKERKKDETIEKGVLPKKQPSAFRSTNVGFNKNHSKQSDYEFRKQMYHLRKACQNSLQNYLNEKAYRELEHSIGTEMIF,FIG00629574: hypothetical protein
P8-1_rep9_plasmid,MTKNTLEVKKPTSIYMSAKTKERLDQLADKLHYSLGDTIEFLLDISERTTMNQSDELLATQNQTKKMVSVIEERTELFMVLFNAMTDFMQLEIKEGEEHAAFIEAKELVKKRQESRKTEAINKKKYSQVTGRND,hypothetical protein
P8-1_rep9_plasmid,MVKKKIYYLYFKGNDYQLLSGNHSEEIKNIMNGSSGTQILTIGLTKENENATEFVVWGSSKEEVKELLETGIKNVLDNLINYMEGDLKKGLELTCLEMLKNSSPNLGELFF,hypothetical protein
P8-1_rep9_plasmid,MVKVTEKVIIKIRDIDRETSQRLVKVAKEKGYSGRDEMLRDILKKIAYEEFQLETEIRYQAFTKDVVETMQLGMEILAMKMLEPGKTFDEMENEK,hypothetical protein
P8-1_rep9_plasmid,MVNKVKEKWTRWTSVLQIILALGWIEVNTMMPAFADVESTLKGVETGLGSNFRKFANPALGIAVLIYGGCRFLGLELSQWAKRFAFGAFLGAAIIINFSWIKDTIWGWLGG,hypothetical protein
P8-1_rep9_plasmid,MVNTKAVVLFVILTLVMSLFVLFSYLKMESYELKEKLYDDTAVNYELVKKEKFEELSSVDKELNIFGSKGNSPLLLGNFFIFSSGVTKNGETQTSSDLYYFTKSDFGLVKHHLSDTIKVDKKKNNVFYKATEEKQPFIEVKEAKFKDKVLEEKRKKFDISRTIYVIYAPKDMLDLIKCVELT,hypothetical protein
P8-1_rep9_plasmid,MVRRTKKEFKPYNDYVDRTFELKWPTAFPLGELQAAIKETNDYHSREIERLPQQSQAQIEHLLSRSIKQNKVLEIQLNSLDEYERVKPSIRGVFRGMAEFDVVLIGDQQIDFYDIRHIQIHDFYKWSENEPEKTIDNPFSEVEFTGLTEEENSAIDAFIDEYYSDGDFYEDV,FIG00632432: hypothetical protein
P8-1_rep9_plasmid,MYETRCINDEKILQDKNKIKATRIELLRLMALDDEWHRDETSELYKKIMACSEELRRLTSDKRKIRRMSQEEYMRLRVLGYTLQEIADYYGVSVPYLNKWRQNKGIIV,hypothetical protein
P8-1_rep9_plasmid,MYGEPKDEYTGDSGFAILTYQEDTDHYAKLTFLNGKIKGYELYI,hypothetical protein
P8-1_rep9_plasmid,MYTPKQRDIIWLDFDPSKGKEIKKRRPALVVSKDEFNERTGFCLVCPITSSKRSFGTYISIKDPQKIVGDVVTHQLRSVDYTNRNVEKIEQCDVLTWIDVIEVIGMFI,Programmed cell death toxin MazF
