Sequence Name,translation
Penguins_rep11_plasmid,
Penguins_rep11_plasmid,
Penguins_rep11_plasmid,
Penguins_rep11_plasmid,
Penguins_rep11_plasmid,MAAKTIKELAEELGVSKTAINKKVSDENRKLWFAKIGNKFVINEVGQKAIKSMFLAENENLNRQPVCEKTKTENHKNANQVSDLELLPFLKKQLDQKDIQLQEKDTQIKQLQKLLDQQQQLTLQANQQIEKLQEQLQLTYTAETSENEESQNDTPPTNKKKWWQFW
Penguins_rep11_plasmid,MKKIVYSCFAVALVFLSMNCFSTNGQASEIEKYDNSDILNIIQTKNDTQIFMPDNTIIVLKDFTEKISKEDIQLTVEAEPILARAAFGFPDKIHATASVAKRNGPSSIYVERSKSKAWISGGYKVAHYRGNIPKKRTQMVGNKWYSIYEGNIGIHYIGSK
Penguins_rep11_plasmid,MKKNQSFLLVIGSIILGIIGFLPSLLTILGVDSKVKLNPKYYNSKDEPLFVEDKKSIE
Penguins_rep11_plasmid,MKLTKIALVLAVIAGIILYFVLPANQFFLYFGIPAILIVNGIRIFEQRKKPHSTC
Penguins_rep11_plasmid,MLFYKKRFSQQLSEVFLKNLMGIFLENWLKFPFLLEKTIGLFTR
Penguins_rep11_plasmid,MNKKKITMFLVFFFLIIGGSIYLKSKTYILETSDITNYKFVPSKQLTRNSELILEVEKAFYKKNSTPSKVINNNNLYITLYAEGVPFSSEKEYTVKFDDFSNQELAKVKNIYIVNEEVTEISDFQNSSKLKVFPQK
Penguins_rep11_plasmid,MSMLIARMRKINRGTLTIIENHNKRKFKSPLPKEIDTTLTCLNYDLVLDSSISYRKAVIGYINQNKASNRALRKDAILVVEWLISSDSAFFISLSTEEIRRFFQTALEFFQKRYGISNIAYAQVHLDEPIPHMHLGVVPLREGRLTAKTVFTREELRNIQAELPDYLTHAGFDISRGQKKKARNPLKLEEEWEQLAQEKEALALERQTFQAYLQAIDSETKQFQEKLNSWVTFPRFSKTAKLSHEHYQELCDLLEQAKKAMNISKITKEVNKDLLLENKNLKYKNQELINISERVASENKQLRERLAKLKKTSPENN
Penguins_rep11_plasmid,MSNEIVKYHHELNTIPLRKFTPVEMNLFFSIVSRMREKGDKTVRFTFDQLKDLSNYKATANNRFIDDLEQTYKKILSLRFGRRSESGLTREFFVMFTEFKINGDVEEPYVDIRIYEKALPLLNNLDEWVRYSLQQFNELQSSYSKTMFRLLKQFRTKGFAYFSKEDFHELLDIPKSYRESNIDQYVLKPIKQELTAIFKGLTIKKKYGKGRGKPVIGYQFTFKPEIKKADDFNKHAPTKEEQKRALTQANEQTSYEETPNTLNERIKQKQRELELLQQIQELEKEKEALEAQTGSNLSEKEKKSLLSDLDNLFN
